country_name,PC0,PC1,PC2,PC3,PC4,PC5,PC6,PC7,PC8,PC9
Afghanistan,0.02089854567449104,0.07835130132649576,0.0856453350085854,-0.07192592307418325,0.42425064268937274,-0.0862932315068421,0.20397114950795797,-0.026326335449952616,-0.13887717341097067,0.0004717802833094879
Albania,0.19815390181920414,0.05220097192461375,-0.040496181286654075,-0.03495924035443867,0.1135826119563092,0.23006459832024254,-0.1122967696455033,-0.061865389750617596,-0.11066029713136445,-0.047358318225042814
Algeria,0.3089046225292131,0.13722020768824716,-0.08966060851762574,-0.09435787654759223,0.170449383739433,0.18304241361398788,-0.03724466088792728,0.030340548733505814,0.01271900744007939,-0.0039381178005594535
Andorra,0.0885214368466041,-0.0010495832558436958,0.009308311727204041,-0.023713567479972608,0.009206941155166676,0.05609092248887587,-0.03465558809573079,0.05115820154734175,-0.05377375659445838,-0.056407707424321545
Angola,0.24896390679096894,-0.005649254072591056,-0.0515913681623618,-0.06557427850877041,0.24428457382963098,0.2643405621136846,0.06310994766915047,0.1412505106279938,-0.08368070727096703,0.004376205727901706
Antigua and Barbuda,-0.3074465980337634,0.18135918651985194,-0.02812891685859388,-0.40570724743229275,0.14286341974059213,0.009309641606023447,-0.033429831920791374,-0.016832914822352007,-0.08059298344191859,0.04634888809447297
Argentina,0.29376250815985233,-0.1468012034806931,0.4731744278626082,-0.3216687499290094,-0.07995727745387475,0.15123316044750737,0.11938961395109043,-0.3020872146708268,-0.05864893849340749,-0.0065365615538945385
Armenia,0.16314791986420557,0.03294903226154495,-0.048613753881896725,-0.024252384105022746,0.11245948864866277,0.11634198658820212,-0.08717731144612356,0.0066015607939569525,-0.03756619699347398,0.021294792159180675
Australia,-0.13928655518657823,0.15437671781937254,0.03043209506543479,-0.18371333712747084,0.11105221848845695,-0.0017906337521144638,0.022306643371718844,-0.09557641396864988,0.0956473947555505,0.018738808769549822
Austria,0.010520117675984977,-0.04449792188898888,-0.008386360697764796,0.03350630164335039,0.008317185250543447,-0.07781246443591802,-0.028850618386528065,-0.020485202800913697,-0.00693474047123043,-0.16625676945129098
Azerbaijan,0.11120063573989264,-0.025061603031954448,-0.09103847612666124,0.09916218139415876,0.024054706421238668,-0.06120255301663496,-0.006048863057723888,-0.12160456312136277,-0.12062026051392118,0.6742126188015974
Bahamas (The),-0.1307588159606139,0.09792646118016958,-0.0035109732739048295,-0.18544616092537491,0.15078276757992437,-0.06223842731887172,0.024220849286095653,-0.09036260914737097,0.018833505058206138,-0.00874508506158185
Bahrain,0.11974963690243998,0.41733368003076915,0.34570064359556807,0.19898637024042373,-0.11923257657752859,0.23643516159266578,-0.2485882763734978,-0.27439240746803434,-0.297553076926605,-0.05365283490414905
Bangladesh,-0.03119751393485146,0.022460337935818423,-0.056288968467395055,-0.029315563929246384,0.010602601846158199,0.09894428342349997,0.09845632235953572,-0.08358183819047167,0.18163648271838764,-0.03636713992382484
Barbados,-0.2612025267756507,0.11734161827406529,-0.041362087123395244,-0.3284120944733038,0.05003779014907716,0.02379594497180693,-0.031013433115959194,0.011665460271558126,-0.10152887192645081,0.028788080255959858
Belarus,0.2174707763183827,0.19139751926778256,-0.052214738585801654,-0.12865378160778818,0.546717115085286,0.07753255828550498,-0.11693143149832091,-0.10035130127836943,-0.006806191100622768,0.09428610331408475
Belgium,-0.012172009158335172,0.40721075209829977,0.29680151292840745,0.009477894223265818,0.20356506678906713,0.07068195124645403,0.15496158469242516,-0.035401833207034585,0.06434129841586698,-0.023346774103900538
Belize,-0.22691950896130925,0.11613899558692829,-0.011970439945312952,-0.3053705439845958,0.085889230160502,-0.0250589029977858,-0.03579281530144574,0.006221175359109201,-0.11878785059057693,0.038121948917580396
Benin,0.3610774398499438,0.16626194802424688,-0.13020343394462502,-0.1501906935144212,0.0817774281410371,0.01840578154787095,0.027108443316372837,0.14209228460371515,-0.010027627072360287,0.04203515809032395
Bhutan,-0.08784942341248864,0.1935813009877834,0.11170976655560196,0.017893269981213315,0.06885328892424765,0.16733031032089207,0.07311145999402711,0.07638968382630279,0.10387876378319943,-0.007065773834559731
Bolivia (Plurinational State of),0.12203595435523472,-0.05150132192030028,0.041939986906292144,-0.03616715536717319,0.039382100266670994,0.08816827644259201,-0.0043295576659296165,0.07998891356241691,-0.14790422430985237,-0.08320935639634512
Bosnia and Herzegovina,0.033235047659116,-0.018106993525948436,0.029778694640081607,-0.014626864796633103,0.12937133291713526,-0.09224813217686655,-0.018564318610389895,-0.03582571277118139,-0.1140646135057689,-0.14921807562015094
Botswana,-0.29885848146366856,0.09227484580464528,-0.08992634720286496,-0.3440189206389979,-0.062251702478251125,0.17946161038502922,-0.04379562016604545,0.06962153486484829,-0.04470288874966805,0.02362275014779754
Brazil,0.15787322616234747,-0.0969456195105104,0.1617905540266278,-0.1573226427192971,0.02878870214159787,0.043874209656693475,-0.005443351866126273,0.00637864526367411,-0.026147787719204247,-0.10307636769811032
Brunei Darussalam,-0.0430807938618385,-0.03281923955744871,-0.019506902466322605,0.06167643803376627,-0.07002122499280712,-0.16505962512172592,0.017464936538930713,-0.09405177994510507,0.011664845312586648,-0.0025097112276940034
Bulgaria,0.10266062276491347,-0.003808302177428756,-0.02568540360305337,0.0067002974248265845,0.0703635600929047,0.11864648438655186,-0.060007148478252954,-0.000903232601489031,-0.021647338103513544,-0.03314148630352127
Burkina Faso,0.3360224280831241,0.2291273226310133,-0.12183209906823302,-0.17334578711302978,-0.14101644136369315,-0.14434162315200655,0.12492770008683454,0.16433851630656637,-0.06435848708313167,-0.06606077613022182
Burundi,0.4021591294916427,0.32893375063540153,-0.0017503743079210533,-0.3102423829439165,0.0801570685839144,-0.01477944016452976,0.07519314801549191,-0.09930646019638105,0.08337218183592471,0.0648981341032753
Cambodia,0.016531385484394975,0.57018537451717,0.524342624046267,0.10270553335552654,0.03576989868079755,0.09892477898494699,0.061354478801335904,0.04437924711760876,0.02993654148566574,0.05584122488375788
Cameroon,0.20921771028828587,0.18789669225825864,0.03751416405760873,-0.19703323414334573,0.13891657647049088,0.041313892498821454,0.02687854242311726,-0.10715054450085455,0.19443877726093958,0.06579272748006514
Canada,-0.06526989841227933,0.0269905219460537,0.021804449663095485,-0.08605956720632733,0.014706744841115978,0.03696057128753372,0.17113885291732528,-0.10451035054251397,-0.016991173148475973,-0.013435794778410401
Cape Verde,0.20436636297033364,0.020894296663726757,-0.044407425171539804,-0.058124995195965985,0.11114416635686855,0.1130462316544528,-0.013737751812357837,0.12857916615263307,-0.07425079957523584,0.01134860775550297
Central African Republic,0.4651856359162289,0.4073968479211314,-0.10104566598857631,-0.30670822821898924,-0.07114515879240922,-0.08192414894678703,0.09174261288645012,-0.015727114688031535,0.06359209707193862,0.0077966557033048904
Chad,0.45866961175353366,0.2997597775735619,-0.17629299722726205,-0.22373011210542318,-0.14128333503595703,-0.12684371171693162,0.1800402107013201,0.19507955144443456,-0.07791978870929235,-0.02276503135050293
Chile,0.26283905468427854,-0.036128165318277,0.2508179677922802,-0.3158126971447384,0.1816436284176964,0.08034275814747699,0.059323214281460944,0.02503224713725299,-0.04948156265881682,-0.00796789236198567
China (Peopl,0.10617379980355945,-0.16316147749118218,0.20349837543509589,-0.10848027909999569,-0.010683704625155978,0.008067346046261538,0.04660900922424347,0.025496704090195308,0.03618310432684327,0.041909090849663204
Colombia,0.29793879483851426,-0.21135737562148438,0.3926801819693384,-0.3325694062267542,0.15456769241294727,0.16617540963186533,0.00489491011011237,0.10628068403865017,-0.0025765910880824203,0.014346163633174073
Comoros,0.19134212199917522,0.08943067888109914,-0.06802072385144037,-0.12333725136999311,-0.043321672539956634,-0.0385404813121403,0.06695659066178841,0.12938458398158154,-0.06602994540696476,-0.042147212329943486
Congo (Democratic Republic of the),0.39775520791312036,0.2235968409905199,0.014686893756665258,-0.2771806865537897,-0.011167737704466886,0.1315878822049865,0.42851447641260454,-0.16579608374373692,-0.15042440190767917,-0.026385982096185798
Congo (Republic of the),0.5087634046192852,0.3788398326225028,-0.06570830207354499,-0.3342656539649123,-0.12930013436024076,-0.018123199650748552,0.05242074266355224,-0.08344058417294548,0.036982503665810545,-0.017683908547332514
Costa Rica,0.16578969766148766,-0.016931942808670577,0.03459568879379457,-0.0829330401372151,-0.004384522782505368,0.07192364343162691,-0.018296860629138822,0.08151217551560956,-0.1667590217475745,-0.06905086944181887
Cote d'Ivoire,0.35221476377993416,0.28454661301967715,-0.09583595853183322,-0.22354054660080533,0.34336632740867634,0.11774048210271731,0.009107359114486653,-0.009096854517323495,0.14982245197926067,0.09856012047723486
Croatia,0.022794035423490948,0.00413769250250125,-0.03324641392812517,0.014754165053258024,0.014134517203016452,0.025044913226430432,-0.020896670135626846,0.001950886620486328,0.06577233853381911,0.017804826589280433
Cuba,0.20856046932321895,-0.05557768919137773,0.006094724205728344,-0.0744987949408345,0.15564035357351733,0.24085113984552367,0.3325159184477288,0.09557243430982648,-0.29453753115765785,-0.03691301347316517
Cyprus,0.06667048748319562,0.06710151173078666,-0.00941982883715119,-0.04486664009817211,0.15109853722631741,0.029355995938633424,-0.09711425892847979,-0.1066124249269899,-0.04454435823280425,-0.015403175647319722
Czech Republic,0.12318769598991422,0.08462253837767278,-0.003959410992896058,-0.041957818024947774,0.06270240725343927,0.04484276118560555,-0.08527900760464899,-0.12467410352820804,0.030035951660711716,0.029016389513297467
Denmark,-0.13491756972398666,0.37738001877837685,0.3524131795802337,0.18920499165665253,-0.09168758393263775,0.12717643253555547,-0.010832745157288748,0.24306627065500208,9.543747477137952e-07,-0.00977273026205289
Djibouti,0.47636887589847293,0.3089350746594754,-0.1916599912852222,-0.22581274400957305,-0.0890798165818908,-0.11675117738666017,0.10426932733476753,0.17302056298676657,-0.033797308761465195,0.011823569068611029
Dominica,-0.35812351514686397,0.14937908277453174,-0.04920867027568681,-0.41032408211681437,0.11317333989127672,0.053850336767459664,-0.04768041273594016,0.04742613783327434,-0.1093881933809243,0.03532118857158084
Dominican Republic,0.2951030348821056,0.011534308678403205,0.19557376724230022,-0.18161151438409356,0.0016947249908427448,0.1382937710831373,-0.06799748513455574,-0.09184403355558848,-0.14622017587853534,-0.03583784785086317
Ecuador,0.23557264768032124,-0.09920331887350257,0.06329783855192485,-0.08475894236041391,0.2049859343226368,0.25042489866516987,0.14255530959913026,0.2102955616765014,-0.20891064154278172,-0.07713722518202801
Egypt,0.08858933143959778,0.1302095526511968,0.08052049338046496,-0.14372719975406367,0.5957013672366999,-0.12864440390787044,0.00559764511026636,0.034114565324854636,-0.13359514238306044,0.025438604217342217
El Salvador,0.2629644662920838,-0.01826345517015597,0.04128015711386309,-0.1217778924601812,0.08362723647400026,0.14051646426367972,-0.03769489113029976,0.10189420932696731,-0.1680572578149549,-0.04927594327026401
Equatorial Guinea,0.37829003400927236,0.2621900011353143,0.03990620799242967,-0.20831226036485437,0.03188016855398343,0.17971609603974287,-0.19128700230500806,-0.33220916230820746,-0.1838056291778494,-0.023344529214161337
Eritrea,0.060619700096500626,-0.040410128602276135,-0.011140240559110845,-0.005263743749772175,0.09075431503144335,0.07600952958484171,0.03722218577580103,0.06637207540652754,-0.01723875927974144,-0.046926299506576466
Estonia,0.08263045828404522,0.004788676853362458,-0.055019603217021575,0.0037380856870330324,0.08149554451857098,0.06956662898352255,-0.05260082397656266,0.0526349871090378,0.03737164493865528,0.031845648046866765
Eswatini,-0.2123466541163836,0.3659081097830115,0.21109488569990945,-0.11659063289270473,0.05134559407630028,0.13195622854384034,-0.012113854647708429,0.021597618899613008,-0.035130293132331264,0.008410491633091245
Ethiopia,-0.021054914629534537,0.024690127844687375,0.050534627529554746,-0.038155478458870205,0.38122515688950975,-0.2517358427210103,0.025063572684725966,-0.030370255959575092,-0.09948638026559892,-0.16968791805223002
Fiji,-0.1450711674852805,0.05727287862349593,-0.06816828774052806,-0.18867574757252317,-0.027317607103662617,0.15538360854760155,-0.0025339125515210915,0.004525793303403641,0.0795084608093626,-0.0027120026046142586
Finland,0.014149412000322251,0.08990001182261562,-0.0829078011378417,-0.04750609731618749,0.07702479919626383,0.23807041758969577,0.0029526317527207467,-0.029297713921026237,0.2880441307958804,-0.023328636743083792
France,0.14241738558519154,0.25163258560484003,0.03304541370879779,-0.2531916608887387,0.35611234371304024,0.006077033156567288,0.04859991999368749,-0.04576774779181312,0.1764932418736925,0.022700831281713168
Gabon,0.38301792367771903,0.3322216211088019,-0.08117217703465203,-0.24570714810129213,0.02446724055879715,0.11638375703864949,0.012998707926364836,-0.1370477698833619,0.13770928395285575,0.00015979319071836816
Gambia (The),-0.15764671589573467,0.021696015283428995,-0.04324795527931028,-0.18030754151349274,-0.03670603553258213,0.09221954330002813,-0.025679212785201154,0.07026311889404858,-0.06964214866494967,0.00152447830497817
Georgia,0.004540459105021314,0.004075753714246858,-0.02981034075425788,0.010987448427910428,0.02571511957407628,0.07577614507433295,-0.009403847635620438,-0.013896410844343121,0.13282145761767275,0.004620277945453258
Germany,0.003342531872081655,-0.07672013508249917,-0.0005771818837151695,0.04759559773749335,0.09728737877254352,-0.1992521216493698,0.041691227444268564,-0.08067993793280351,-0.10005422354513441,-0.3983252432073201
Ghana,-0.06968694012321242,0.027354723456818567,-0.043500164481324786,-0.0701667923246515,0.02872380418900683,0.10741672528418664,0.09198455209723277,-0.08348030591738953,0.18222074278720313,-0.0667831110467773
Greece,0.0640792868694839,0.10334973698116948,-0.060544568791433696,-0.1403446496921451,0.10320958917475843,0.257874131787212,0.01451747596508308,-0.026956164854254342,0.2346342325327755,-0.04170693734379497
Grenada,-0.3279661479639939,0.18264117582870987,-0.027548226300839664,-0.4200340296358771,0.14417572325513706,0.005810907246752878,-0.03843288190517935,-0.0043949742409365375,-0.10382087060909595,0.046611473050108015
Guatemala,0.28421483073455384,-0.20830746647362758,0.3514040180309777,-0.3003116445390764,-0.034358694619864606,0.04583857766269924,-0.012101717600589663,0.08284694693961983,-0.0007840397577430065,0.024408460776376734
Guine,0.16203560592994629,-0.027693242229470814,0.02568614951739293,-0.11125413161578188,0.05858562475013675,0.12643807045281724,-0.041206930156444256,0.051770677000630864,-0.051926856631402174,0.0336474397448254
Guyana,-0.08051540383926377,0.013780954997080354,-0.04996855126697437,-0.08086426427427522,0.0165200369365194,0.119549941489758,0.021033948924046236,-0.008425098442406732,0.08191822616318797,-0.040371639133196406
Haiti,0.27175085292217677,0.17310773198226959,0.009921544230358802,-0.1558979975762028,0.01694282811114578,0.0930014505747699,-0.09754811949889777,-0.14302174087387812,-0.13594024836351323,-0.0667414988763817
Honduras,0.2686149853610115,-0.27474522144074914,0.44703093762405627,-0.33040569834522343,-0.008353168662730372,0.08421298817956083,-0.00591327528417552,0.09878916492593355,0.04384083498670366,0.03544573215067195
Hungary,0.030480094045301068,-0.01051535677758974,-0.02034554942890161,0.015328559283627835,0.027734045389089617,0.02937688219171869,-0.016304739472382247,0.036201175017704125,0.004205576059527753,-0.00034160464370923757
Iceland,0.11233137399285842,0.0013339320772087677,-0.014786208984406586,-0.017460191000007105,0.10850881990214525,0.10648442158084384,-0.06196651911315727,0.047096943211116474,0.004271281871284128,0.006474952366283811
India,-0.09358762195310544,0.02332058960539461,-0.0010258391604400735,-0.09090158311378878,0.12258275867307558,0.009285398012019127,0.15942134432708263,-0.10809220167014995,0.09186456300344974,-0.08828755372696011
Indonesia,0.04455075099556831,-0.028726845402081185,-0.00779424047889801,0.0169502227930343,0.05448547061482204,0.04555128150385781,0.005636904950250768,0.052099760027341104,-0.004448332802470314,0.00965133981092264
Iran (Islamic Republic of),0.10525872192337,-0.002324671865899346,0.006897646197041144,0.008423517535706016,0.10223571092917483,0.05237934309761435,0.06700223904780583,0.05889839440153917,-0.12323404690500507,0.05022814432403986
Iraq,0.10303077899075047,-0.0021673386980005233,-0.016151655020118977,-0.0020432465329722708,0.15477206269280563,0.02104204556944026,0.014549975688028701,0.06838942919239403,-0.06404836346115257,-0.029887396198995345
Ireland,-0.02856541276340846,-0.002111693341075211,-0.0032431184487133474,-0.011594365705499252,0.00638648149887882,-0.03197973570637055,-0.008450580815804201,0.011090389646452214,0.0016221244207460645,-0.005371429263174562
Israel,-0.20876381357566928,0.07002417427861951,-0.037772037254664576,-0.3170216706556345,0.045147330507014534,0.1186080832095869,-0.03967177668081345,0.15403175314052617,-0.1870051420663167,0.017369171078888107
Italy,0.1859184457315055,0.15169107559150027,0.02395694162373662,-0.14705924753347338,0.32728462755648224,0.20621323902756797,0.038844032486373394,-0.08497326961208199,0.0630406202182746,-0.01163189824475168
Jamaica,-0.31093393874652925,0.17003963635565894,-0.03158991609915556,-0.40614618763370275,0.09885196033370441,0.010294921549030512,-0.032884502002451216,-0.0016062894378377432,-0.11632761055608787,0.041540167801793565
Japan,-0.035325720312705484,0.05008363093122909,0.05036737469361582,-0.046633728419517476,0.2461804039583225,-0.14247772871353417,0.0011234506601414747,-0.022325311143512192,-0.018960234972011526,-0.01880762890072748
Jordan,-0.11758924886901445,0.5864942206145289,0.475953274447821,0.08600109772223485,0.30617044236377244,-0.04973983812558312,0.056992119664569386,0.041373235885404785,0.0008960774721696219,0.024484240141439816
Kazakhstan,0.3275644382951017,0.20161617495967757,-0.11844102856065986,-0.12461797137033918,0.2539284186920062,0.28548080124630576,-0.1323032670084784,-0.17543400403149412,0.12117094677753416,0.1190851693600171
Kenya,-0.04470847316966544,0.03569698914162946,-0.02303683188316487,-0.07826329752355551,0.07375344173063676,0.0798911203947201,0.1002914769271104,-0.11196135937861208,0.1460892077914874,-0.0733441557708967
Kiribati,-0.1452501538795193,0.02166027924975524,-0.03903502193394268,-0.14087443747997166,-0.060501560452650024,0.05055667104339876,-0.037272323136298115,0.04866270474161368,-0.05557298379196142,0.013688103534591349
Korea (Democratic Peopl,0.04868204233825137,-0.04512046999465906,-0.026296740588830775,0.036441202672210585,0.05593645689553343,0.011297402196216094,0.0017902524464186963,0.08120507661402557,-0.051697706327744626,-0.014421981360622995
Korea (Republic of),0.07722702812609267,-0.03214036983140307,0.003356035320771383,-0.006017250893240775,0.06914622027696898,0.038171758152484137,-0.00044799902908106913,0.1180264286794978,-0.04442098561661863,-0.03696765370799285
Kosovo,0.028549056247949414,-0.010997601103089363,-0.021174870331117104,0.023718477193673582,0.004753833026482469,0.0036003692453367405,-0.02666925726571742,-0.0028509570948939593,-0.0003682109392908481,0.010226096152633682
Kuwait,0.03234524918202271,-0.009547807479394111,0.002470412440515773,0.023195277694741098,0.0028531319094486176,-0.0067585641890500975,-0.00870701184782027,0.03446872537778804,-0.02209254110905157,-0.007668893115181259
Kyrgyzstan,0.21855788267191045,-0.006329412875008717,-0.058508168683136165,0.01784375566527447,0.22296135219514646,0.3133477645894156,-0.15432752692198395,0.03683186348065325,-0.044128242097105336,0.06714607021644764
Lao Peopl,0.09914589100406833,-0.06748670513589529,-0.00047791462020297694,-0.0006037247016070158,0.14268475769952324,0.28261388447540386,0.5362687587350901,-0.06395482059263774,-0.26176527876048294,-0.03759256416788768
Latvia,0.014851019041387373,-0.017191692565554882,-0.019124084424807432,0.030508643677615757,0.009805745240429691,0.0117690151629412,-0.02691575047509685,0.017914183023950925,0.015398451790958195,0.009456680151870855
Lebanon,0.25356101405828435,0.16370766819687183,0.05207402787496274,0.006078092188733252,-0.09038888640866748,0.22018051609467204,-0.3411152258951902,-0.4515924089543461,-0.31147213921433126,-0.11087970774130272
Lesotho,-0.2923132013071977,0.38864716721859394,0.21995107332794933,-0.12330905567493843,-0.04880881618541741,0.1755041578109731,-0.007974763532885563,0.13738315072791576,-0.05119480584418736,0.03640005507624727
Liberia,0.10061934404345241,0.13750095584179142,0.08848334579121475,-0.20149543552150287,0.3135583449691866,-0.03571575107671097,0.04676412201705134,-0.12426275412856774,0.027021752389478938,0.01837365370929806
Libya,0.1945348606736775,-0.2625425221408112,0.44347948572190254,-0.2731415784567123,-0.03660962295420415,-0.0336457008977506,0.01239538211434389,0.047252642681700395,0.13283212050895574,0.08294353766072787
Liechtenstein,-0.013850734091684377,0.05840665642823473,0.006995872195285943,0.06993703089769202,-0.04882446239312546,0.03045254640447681,-0.021676191581890516,0.09310244852431486,0.19721572810650498,-0.07939920768555177
Lithuania,0.039198201272026834,-0.006030490801901152,-0.028752447592883475,0.01649593880304187,0.019026693774749248,0.0020592146584995034,-0.030647749954363847,0.017746776822628332,0.02091802895260728,0.02694401193388997
Luxembourg,0.10952041714817475,0.06620140397506241,0.01837579685047263,0.002001233410687687,-0.11024185662287879,0.047700682799743384,-0.1430056680427918,-0.17421180122796703,-0.16632116758674922,-0.09805546339031045
Madagascar,0.4600313657557343,0.3557517082868541,-0.13818839570492625,-0.27999614282746943,-0.13958368366988813,-0.12377872266859656,0.21521618214261837,0.11896004226035994,-0.02665285093973792,-0.017755146245140317
Malawi,-0.1825033565813366,0.0792723876012238,-0.08798656641484406,-0.23927677974420314,-0.021172157113991986,0.2222424872250828,-0.005970942095220698,0.008070737498547035,0.087618546755672,-0.006679617612224502
Malaysia,-0.07152892744952555,-0.028132388664522903,-0.02144998873505229,0.029361869814835392,-0.00991187119542584,-0.2083720541858075,0.05388670304394364,-0.13700208029624,0.021875850250043346,-0.18503907301438952
Maldives,-0.012190799447205037,-0.053551302032338065,-0.030101760047541285,0.11861645431664396,-0.05209150346241952,-0.10699678053157964,0.09009551516437467,-0.15687958721484532,-0.14863853019465365,0.6339427362172418
Malta,-0.09899334425004126,0.06558517325627763,-0.001852161861826902,-0.09505257023662667,0.1752557871577558,-0.05741688366869615,0.02477389805811891,-0.06369937143301434,0.05593178074367254,-0.033432261430775066
Marshall Islands,-0.11944781962309055,0.01786463184296082,-0.048950005785421725,-0.23985775508637486,0.052452655270101886,0.17024991024089345,-0.013583107064843123,0.039154659212338266,-0.014244591630479211,0.011262931746345644
Mauritania,0.43016795846554234,0.35914370547905167,-0.1389020345791199,-0.2805123136713728,-0.04960899752886704,-0.07316198228628593,0.1306013446571736,0.05934505715565942,0.13200984147687397,0.03142170933493762
Mauritius,-0.2418446107704587,0.06398480132323502,-0.07521384476624471,-0.27399472776803335,-0.056902458968330565,0.13661669755196953,-0.03501899034008541,0.06366083884576851,-0.0543634175575073,0.01770848356984045
Mexico,0.24957888261173683,-0.13003425194850504,0.41395049334323925,-0.376005963543133,0.19324296377160632,0.02524158999824163,0.029224889989278392,0.01183433365111137,-0.010939572338027725,-0.0411274228150732
Micronesia (Federated States of),0.17136120371817945,-0.33157299934025625,0.5654087603906607,-0.3840417684284735,-0.10556125470537964,-0.030423496454210133,0.014183675668444164,-0.005892636769790833,0.20070112541796611,0.08078778645130287
Moldova (Republic of),0.19041355946881303,0.07136142915567423,-0.1217972160271835,-0.05999093363732046,0.23255963966844856,0.3442297389108952,-0.012327135973583005,0.06518517410051151,0.22679025877957146,0.0555390893714684
Monaco,0.008763745762803822,0.027854584048573546,0.023458080365468575,0.07619128452121898,-0.056385630702237274,-0.03567546555266512,-0.030784081026136417,0.15508697840976265,0.07798661150887068,-0.05847453088046424
Mongolia,0.006875095000969361,0.004447034834025216,-0.038393029981151905,0.0013109929728330558,0.031125067641078096,0.09982514533005749,0.004995718643144516,0.00017537936973556766,0.10920477095708096,-0.0014630199160180694
Montenegro,0.012687457571291067,0.0008353000022651187,-0.030494024102245092,0.015543294540940205,0.01849151510626286,0.05658568761508296,-0.008990090279166906,0.0032186007697139543,0.08657199719444733,0.0054146677515125455
Morocco,0.26297950321058755,0.4986717874963934,0.1943520732247256,0.018317777586690665,-0.19257128385687727,0.10100643482127358,-0.02825605916493998,-0.014226217299977898,-0.1685762165001436,-0.11119195366679732
Mozambique,0.1847174486183004,0.010901377382659639,-0.06515173817482343,-0.040867069011197604,0.16241703066789343,0.1772293175241982,0.03477219690256135,0.069912245586333,-0.05553646762167608,0.043129774052482056
Myanmar,-0.007601361440778084,-0.013322628794821429,-0.015718090118497365,-0.031674254469952645,0.06821389622958973,0.08573563229983083,0.027753359307845962,0.04697113956196117,0.03003358262266946,-0.038100289209470936
Namibia,-0.017339433127608533,-0.004270318273613366,-0.03075310833059236,-0.005570867334736615,0.015923951428797982,0.04123032758207028,0.028098492025682268,-0.017939323225631746,0.08052692168156089,-0.027601775294506702
Nauru,-0.06527099278620156,0.022324425806055627,-0.05090821976717543,-0.03777504886198704,-0.01766297443384712,0.09211660613954749,0.07234576121197536,-0.10305548306648515,0.20456697502485902,-0.049169895880665025
Nepal,-0.032211389609644876,-0.030322621535156916,0.0019617107863105503,-0.021736981430456517,0.14749638398145365,0.24958161768695114,0.6141355598146833,-0.2004507904386954,-0.1153935314057266,-0.10757254064997918
Netherlands,-0.13606560292877865,0.517230998709224,0.38250421975853294,0.15635394170828879,0.13950050515993165,0.20783661425690775,0.14997635064530876,0.049491749964862455,0.17583013485642093,-0.007612069101379533
New Zealand,-0.3495378283404433,0.094034971154228,-0.048376788641905484,-0.4260443857235308,-0.03193469828768253,0.18071732116830874,-0.04657351371267426,0.12889474378312,-0.17040826992077124,0.0152426835722549
Nicaragua,0.17809808273726993,-0.054582409316420305,0.023353902172444253,-0.06399692868567418,0.11731869559975129,0.15920194435079252,-0.01334612630736501,0.16900814467900016,-0.13790412516791725,-0.028837307748877307
Niger,0.4155729980957419,0.26700008436648587,-0.15375968264928547,-0.20495255588661662,-0.10512637048810808,-0.11001184560364342,0.10559259590393903,0.1875985770410786,-0.0639359897482988,-0.01899834800309816
Nigeria,-0.1943338196890641,0.06582062028718638,0.00814774722854177,-0.20571096913224193,0.233436470005927,-0.232949557675241,0.015101700670690998,-0.09447097221913986,-0.1556764543873064,-0.24070190788082685
North Macedonia (Republic of),0.2612859812590829,0.010097846899107211,-0.11305816881956507,-0.014274216955034962,0.25636437780771487,0.22772017863119484,-0.05686602775906958,0.1303421987566105,0.020698197137210415,0.10961421861735694
Norway,-0.11200436151232647,0.4747802714193035,0.47628778941994804,0.30945751631097285,-0.07034585212026337,0.14694831791491564,0.012262235053284956,0.2485824471622925,-0.027172165600505324,-0.0054422126280008415
Oman,-0.013703640088970633,-0.03666668622532675,-0.010780058201360902,0.1511555072949582,-0.07718117716680645,-0.1445934896714063,0.07441095234426653,-0.1621214094758658,-0.17510241440424912,0.6346858155149865
Pakistan,-0.04901884627459345,-0.023205580900625966,-0.010826422571342949,0.013381158938547286,0.016952083721557296,0.04106129585375601,0.47694631212224137,-0.26739324565390227,-0.1476776538524756,0.16072584095405165
Palau,-0.00842584971521111,-0.005006866669700017,0.02874402230026559,-0.032417807712310405,0.058376700020072315,-0.05317100160768612,0.018508940413166208,-0.00986031792792728,-0.0023859592031617166,-0.0092001520186499
Palestine,0.07618656707492545,-0.010888397172990897,-0.001636821253968603,0.0073088270043385984,0.10299754308388213,0.031154143721450915,-0.016604458698790146,0.11599775230124827,-0.07396535833066331,0.0007626960586762569
Panama,0.15132107986103516,-0.09894383423698533,0.05632975272126594,-0.07752532140880745,0.12896546962972077,0.21343972955054874,0.07626842092781556,0.14409404988389135,-0.13080986399304279,-0.031442285699178604
Papua New Guinea,-0.2829170472134918,0.12311334006295799,-0.10310154655802088,-0.38480766301266145,-0.03809039483757986,0.3145697083925915,0.07296600345277163,0.0035929576317427553,-0.05127275614342545,0.013348941923509747
Paraguay,0.3645008284681579,-0.054078560470032414,0.2772565172259339,-0.2714315530635128,-0.08940673343905521,0.12068544231387884,-0.1286922405355238,-0.11619392104854294,-0.20381867317493263,-0.07720940504786462
Peru,0.2782675640973886,-0.2953402369402355,0.46394196518001934,-0.34620433127240763,-0.0076237558211215695,0.08660346109860709,0.023062500359668628,0.07398686805219142,0.09298099645019114,0.06232420870386167
Philippines,0.125100499995172,-0.15589598255127593,0.3694697795071324,-0.28899543993922777,0.05361786347208665,-0.03315247011818121,0.03888871714601107,-0.022626343482438,0.098064696612291,0.046508206927261146
Poland,0.1068099996714633,0.03616078496056425,0.0036542620607693593,-0.03673504088669627,0.06409288457213523,0.05755583284748855,-0.07933099240418044,-0.046293266309803426,0.018096558514795327,0.010788238789110784
Portugal,0.21799103737947603,-0.002810910807497013,-0.034239432502647424,-0.051483920357628825,0.23563047471979148,0.23425966514030377,0.0006762755986567597,0.17910400588706996,-0.0350945962065199,0.007718865212505231
Qatar,0.02163671768426815,0.011940267867044151,0.02108327244303631,0.10985172281426556,-0.051199256206422926,-0.0482170873074201,-0.023601508619205538,0.14477525006353414,0.047187771646486264,-0.021408477270319377
Romania,0.10067240940354706,0.0690597148654472,0.0006156244813430681,-0.020549599016365862,0.016752162743549515,0.10834752713991819,-0.0812903608580525,-0.1368506465392027,0.0013958920863341138,-0.025598480307622382
Russian Federation,-0.01448910657166024,-0.07998130902223378,-0.021374492300055236,0.07635294958738395,0.08703534786361362,-0.27047313922101973,-0.0022675111125927397,-0.11905782946627287,-0.124850939567835,-0.3774104827631954
Rwanda,0.30837696356209493,0.29729641639031007,-0.025540014931585617,-0.15391568284678342,0.07517526227160637,0.3122072836375343,-0.2018229052141969,-0.41722419330577765,-0.006572771835714802,-0.03504303189018724
Saint Kitts and Nevis,-0.2155770649428829,0.05605400121761161,-0.07003628710853274,-0.25404450522857974,-0.05847638748966287,0.06110562498277281,-0.02708334634112875,0.05793653246389442,-0.10284813326048975,0.030372755628554796
Saint Lucia,-0.38504694836761444,0.19302747594982336,-0.052623466018931135,-0.49492722068720857,0.10856914885058587,0.032650074379915815,-0.049444907731452006,0.013452472368081716,-0.14102910272860472,0.05487130802205767
Saint Vincent and the Grenadines,-0.35910713644066417,0.13751722247319353,-0.06596755457794251,-0.4188453478090617,0.07279208165479709,0.03884497064299433,-0.05779183069499005,0.056415395824234826,-0.14843296837042488,0.04928787228109347
Samoa,-0.05439370449427849,-0.0018922954339562787,-0.031261474565779754,-0.021520651125015444,-0.025985419214814086,0.0584169601704951,0.07628634940978563,-0.0730256140515595,0.11799219436480801,-0.05689196965019257
Sao Tome and Principe,0.12405041992980048,0.0041022302573553915,-0.041048530138138056,-0.02002658128569037,0.06479964426702231,0.07220647679218946,0.0009697595466070801,0.09370870880783025,-0.026132409015698445,0.0061357618882606395
Saudi Arabia,-0.05090842880743156,0.22509449684107188,0.26519541075495967,0.20280213367722824,-0.007893830796656356,0.10577134550339429,0.2821331120565381,0.025085523338210573,-0.17105078121524447,0.15982939553705033
Senegal,0.4507310350302435,0.28678651368728536,-0.19278603396629926,-0.21407724412014092,-0.07366294976584138,-0.09773475643376091,0.11096149251111156,0.21654640805660755,-0.029649015640933918,0.012268426092386348
Serbia,0.08355200990193011,-0.027198917957190306,-0.024816651993334816,0.01837515169784963,0.07621941515149548,0.12272393559051231,0.04506563430063664,0.016243913139883166,-0.03395897396057933,0.03663761378762711
Seychelles,-0.04703061460203045,-0.017490104935818762,-0.03071062718794091,-0.01925962690861308,-0.030903559290666804,0.02910384994070372,0.09369813298373118,-0.047060354935756735,0.06376334299029,-0.06761313111072742
Sierra Leone,-0.2177744195846975,0.08878016036798726,-0.08783641848165594,-0.2573957652974266,-0.04761653218116701,0.1897216277377077,-0.013928984518460152,0.012048051833204683,0.07583876834030454,0.01302182861423478
Singapore,-0.07036256233003417,0.00942352269302166,-0.04569245134031165,-0.04719164688786837,-0.01857911935367809,0.06871977631763973,0.09756462494572726,-0.08338131222901109,0.13616348972995904,-0.07388868692403835
Slovakia,0.029141319472386448,-0.006217236471184228,-0.030435522696099844,0.022345919232157042,0.013614871665098532,0.00406722369019264,-0.03012080037399552,-0.001146895305814349,0.03261742815740733,0.013588476217974061
Slovenia,0.09539513705807055,-0.0019358068941516225,-0.03585033237911502,0.015467668468465354,0.08070829544638425,0.08792405230899242,-0.07009342073925388,0.026554856990626072,-0.018964922224801787,0.025592333488033903
Solomon Islands,-0.24006358448867496,0.07297397427482669,-0.08279808111410215,-0.2806993041737569,-0.05484539704259058,0.15691201724949458,0.012706414243879244,0.019080954357578374,-0.009413344517373237,0.01089492315922045
Somalia,-0.027812051917635482,0.08428967316709407,-0.00272788789299283,-0.06303462791525447,0.2695349503391343,-0.04016254353699012,0.038623179381237334,-0.07541033484042022,0.12778121057987019,-0.022153515728596262
South Africa,-0.0991161327467908,0.010521466628584795,-0.025805166229270027,-0.18123639641946768,0.020590889728592736,0.31113669595758287,0.5408001816544813,-0.13099454030807203,-0.2357820318074381,-0.02635933575967022
South Sudan,0.005783324114695367,-0.02438858114758663,-0.007447225728068265,0.014843328768454511,0.07804809369662796,-0.014402335905486478,0.02993505177195221,0.002336163142241276,-0.041962215261952644,-0.05343171952506793
Spain,0.000826945195822869,0.06457529606557998,0.431288986654997,-0.3248987213635683,0.024472956962059422,0.16013552204437967,0.07971212883691534,0.13130138012343479,-0.03552007329814765,0.05680491758929588
Sri Lanka,-0.056703770598068345,0.027712839201608153,-0.041679848110071895,-0.1065172783178196,0.037785894285797525,0.26281495319836795,0.3879835667067733,-0.16251654001714763,0.05503748795484386,-0.06009773119659901
Sudan,0.060519216360032886,-0.03352937619007165,-0.013906204680728222,0.02075081646514023,0.06043158612049989,-0.012679630087955892,0.008980818819021848,0.057839910308867225,-0.054705618960701946,-0.034207981515875195
Suriname,0.042185437437263246,-0.02087689303404592,-0.0036442785753814664,0.0030455024269736702,0.01991517388234222,0.02580953195613442,-0.001758962657089796,0.041664630690587574,-0.013015312652016706,-0.013760975540518933
Sweden,0.011986211684645507,0.10620378524948529,0.09180316973413681,0.051936688058913764,-0.02827331583934724,0.15658006789109902,-0.08208924477540981,-0.0052467087626969534,-0.04285817938368481,-0.09547462700813446
Switzerland,0.01578452766782815,-0.030499949190277084,0.0021001870993157716,0.017850206751823618,-0.0087841135707625,-0.010908658982583098,-0.004710681078340381,0.023986871356948197,-0.02148574254567603,-0.034613074211218925
Syrian Arab Republic,0.18156157547127255,0.016138200124894246,-0.05901654272443843,0.0030459926466631032,0.1918936587391266,0.0523334304816594,-0.04918683172774164,0.12865866792644498,-0.06804179441518801,0.05273530552976244
Taiwan (Republic of China),0.0040201507254409765,-0.03014990000512584,-0.003097594308642144,0.024219646588184034,-0.016715966159535633,-0.004982116441097464,0.05816876340619004,-0.019478785668669885,-0.0059284411713802655,-0.011393236198145413
Tajikistan,0.0296294636083171,-0.031451174179536086,-0.04060215349202437,0.06887920679156717,-0.005109167711133457,-0.056127117890945245,-0.03762034033237337,-0.05650770617235883,-0.05603843583071574,0.3232876491385145
Tanzania (United Republic of),-0.016957594155173773,0.024724130239457635,-0.048917614111986106,-0.02939853033755195,0.04076074609398245,0.0618646551381457,0.013409807149202353,-0.043325989960466764,0.14936188817694704,-0.005456832757652167
Thailand,-0.1628020830347295,0.4911332365464122,0.36552618057831837,-0.14791359076591215,0.3735114640273677,-0.04473782211724986,0.039549635046213664,0.028937833677241644,-0.08637450670681558,0.02203650315019653
Timo,0.1883872945576478,0.09789832430817597,-0.105372274137449,-0.09944748794993584,0.13753486635738976,0.24457165311566936,0.03268284687547121,0.04390848543570792,0.18605621700200148,0.000624077523946022
Togo,0.5113595081936037,0.4072534228025954,-0.12443630587428661,-0.31018892955702526,-0.06288454231925868,-0.09190397124470054,0.08271286298857174,0.025755448702673107,-0.01566773253818939,0.010966943549967812
Tonga,-0.14746401257078579,0.4448974903527195,0.4342419200452738,0.2344987173678462,-0.057070875919268495,0.12647642714217822,0.07289375374094052,0.17103777730611391,-0.01179556977174401,-0.017016585000005798
Trinidad and Tobago,-0.21130942546694212,0.16555683491488163,0.004582907552495171,-0.30615188092179646,0.15308319743356774,-0.02632488245754142,-0.020371366908141612,-0.04827114465878938,-0.03212889123941944,0.036559557026797224
Tunisia,0.2717994216659758,0.0381343594786907,-0.07185805504623695,-0.052825294674323356,0.24957987985106433,0.17509120435520076,-0.023318408078010333,0.18843118812677448,-0.040854954889368134,0.06961809867137997
Turkey,0.07050608308538296,-0.01661015618222792,-0.024212467300902922,0.011290636133938914,0.07210356662029155,0.0660843857017833,-0.0302243762164813,0.027197839046388714,-0.010095263253068936,0.006206201281364258
Turkmenistan,0.13295308520983068,-0.06803865067086723,-0.04213738715705249,0.04417840556311684,0.22716595325135922,0.30614150164580023,-0.063109396332143,0.10467184438317975,-0.010688756587758745,0.046960890869457345
Tuvalu,-0.2561639141182951,0.11096215689615996,-0.09279618061218642,-0.29963178687841324,-0.054602330752373654,0.18840189261825777,-0.028658367282604395,0.034823709937267515,0.03224017386307427,0.023997959638906836
Uganda,-0.03806534366047979,0.006452858703700651,-0.04029069305733163,-0.014250387829310528,0.004898463940958211,0.09902292189465499,0.07458537147976728,-0.07875896064688408,0.1599257235124197,-0.06582691334247591
Ukraine,0.1008721004134319,-0.028381736677575257,-0.02267384168111565,0.01814147433038292,0.11988724922111385,0.09597678990837166,-0.07106593047391535,0.0035464784921355502,-0.035938973387907774,-0.008193506087218135
United Arab Emirates,0.05316088693375147,-0.00493245570427644,0.001276502592326478,0.018528705634337922,0.05254464582640373,-0.0069998915708085144,-0.008390066640866379,0.03439971203875502,-0.0546026415278039,-0.029512125268627776
United Kingdom,-0.2977286788123748,0.12561764481680954,-0.019191692415813207,-0.30391581097835335,-0.03923018698120939,0.1549728345048746,-0.03604218282839386,0.11544156936921958,-0.08618236689369363,0.005146889851345597
United States of America,0.14945639694038604,-0.13737563138432662,0.5553347265125557,-0.39868508470385433,0.06956697127389508,-0.12924571284549924,0.031813031685397716,-0.11699031412423387,0.19556513116571342,0.08171429517318167
Uruguay,0.16954052199019776,0.030163481046212803,0.09479773082202639,-0.09567343649860818,-0.02178605543189038,0.16040850260513073,-0.1803540922121777,-0.19178613178230847,-0.2300869573148855,-0.11601318686075789
Uzbekistan,0.14493320263885115,0.008150693502003082,-0.06373601429231307,-0.0057635100060562765,0.12654267094311622,0.07387289112768926,-0.06501795038389274,0.04319261939810608,0.004990547643035156,0.08250703742046987
Vanuatu,-0.015051624377150482,0.042998104214395184,-0.06456981840337186,-0.030685075024751977,0.015531926623894552,0.12265971417034424,0.07308058293419531,-0.06856654103516449,0.18974032111212974,-0.011645658943583463
Venezuela (Bolivarian Republic of),0.2829084891821338,-0.058916232418636943,0.03832004281048985,-0.1452583973290074,0.19861384513570335,0.23189921888266302,0.00786743508140127,0.20939812626753043,-0.19996989005540336,-0.055564962795028976
Viet Nam,0.10095284351146638,-0.04708185613141984,-0.014301046306578316,0.014335753623067866,0.10566787475567128,0.09230936800566085,0.08858699071051794,0.09900547021002958,-0.10863130554509241,-0.011492543793131997
Yemen,-0.016440168369114674,0.14331031692749818,0.08806143186012258,-0.1274565886224591,0.5973909708253108,-0.22525303622919882,0.015658081391328158,-0.02532370936247989,-0.1148452004674085,0.0409043256936671
Zambia,-0.05546058231849064,-0.002623055571562595,-0.03381399589079152,-0.06671981108359111,0.046534851291701915,0.169849446199117,0.26237095901843843,-0.11097919164056913,0.06688052718637787,-0.08800602731747689
Zimbabwe,-0.08880704030081689,0.09431525332088006,-0.020360229399224494,-0.17484085453554823,0.06030732774825003,0.1486712088624434,0.12076942320031454,-0.08403600994520884,0.047124317882222315,-0.0006935230776960358
